<?xml version="1.0" encoding="UTF-8" standalone="yes"?>
<addon id="repositorio_fenix" name="[COLOR lime]repositorio_fenix[/COLOR] Repo" version="1.0.1" provider-name="Fenix">
    <extension point="xbmc.addon.repository" name="Mi repositorio">
        <info>https://raw.githubusercontent.com/fenix609/repositorio_fenix/main/Repositorio/addons.xml</info>
        <checksum>https://raw.githubusercontent.com/fenix609/repositorio_fenix/main/Repositorio/addons.xml.md5</checksum>
        <datadir zip="true">https://raw.githubusercontent.com/fenix609/master/Repositorio/</datadir>
    </extension>
    <extension point="xbmc.addon.metadata">
        <summary>Repositorio para Mi</summary>
        <description></description>
        <disclaimer></disclaimer>
        <platform>all</platform>
    </extension>
</addon>
