<?xml version="1.0" encoding="UTF-8" standalone="yes"?>
<addon id="plugin.video.fenix" name="[COLOR red]Addon[/COLOR][COLOR yellow] Fenix[/COLOR][COLOR red][/COLOR]" version="1.0.0" provider-name="">
	<requires>
		<import addon="script.module.six" />
		<import addon="script.module.kodi-six" />
		<import addon="script.module.requests" optional="true"/>
		<import addon="script.module.websocket" version="0.50.0"  optional="true"/>
		<import addon="script.module.youtube.dl" optional="true"/>
		<import addon="plugin.video.youtube" optional="true" />
		<import addon="script.module.dateutil" optional="true" />
		<import addon="script.module.resolveurl" optional="true"/>
		<import addon="script.module.urlresolver" optional="true"/>
		<import addon="script.module.cloudscraper" optional="true"/>
		<import addon="script.module.inputstreamhelper" optional="true"/>
		<import addon="script.module.slproxy" optional="true"/>
		<import addon="script.module.slproxy" optional="true"/>
		<import addon="plugin.googledrive" />
		<import addon="plugin.video.elementum" />
		<import addon="plugin.video.f4mTester" />
		<import addon="script.module.horus" />
	</requires>
	<extension point="xbmc.python.pluginsource" library="default.py">
		<provides>video</provides>
	</extension>
	
	<extension point="xbmc.addon.repository" name="repositorio_fenix">
        <info>https://raw.githubusercontent.com/fenix609/repositorio_fenix/main/Repositorio/addons.xml</info>
        <checksum>https://raw.githubusercontent.com/fenix609/repositorio_fenix/main/Repositorio/addons.xml.md5</checksum>
        <datadir zip="true">https://raw.githubusercontent.com/fenix609/master/Repositorio/</datadir>
    </extension>

	<extension point="xbmc.addon.metadata">
		<summary>Canales de Televisión, deportes y más...</summary>
		<description>

AVISO LEGAL:

Este complemento no aloja ningun contenido mostrado.
Todo el contenido se encuentra libremente en internet.
No se acepta ninguna responsabilidad por el uso de este addon.

¡Disfruta!
		</description>
		<platform>all</platform>
		<assets>
			<icon>icon.png</icon>
			<fanart>fanart.jpg</fanart>
			<screenshot>resources/media/screenshoot-1.jpg</screenshot>
			<screenshot>resources/media/screenshoot-2.jpg</screenshot>
			<screenshot>resources/media/screenshoot-3.jpg</screenshot>
			<screenshot>resources/media/screenshoot-4.jpg</screenshot>
		</assets>
		<news>Primera versión también compatible con Kodi 19 Matrix</news>
	</extension>
</addon>
